File Name,,,GIII-LMn-1_06.RCC,GIII-LMn-2_05.RCC,GIII-LMn-3_04.RCC,GIII-LMn-4_07.RCC,GIII-LMn-5_08.RCC,GIII-LMn-6_09.RCC
Description,,,,,,,,
Sample ID,,,GIII-LMn-1,GIII-LMn-2,GIII-LMn-3,GIII-LMn-4,GIII-LMn-5,GIII-LMn-6
Owner,,,,,,,,
Sample Date,,,,,,,,
File Version,,,,,,,,
Gene RLF,,,,,,,,
Comments,,,,,,,,
Lane ID,,,,,,,,

Positive,POS_A,ERCC_00117.1,76931,72310,69384,70739,70218,74785
Positive,POS_B,ERCC_00112.1,22557,21763,20839,20721,20382,22125
Positive,POS_C,ERCC_00002.1,5764,5691,5488,5498,5433,5758
Positive,POS_D,ERCC_00092.1,1608,1485,1456,1399,1424,1478
Positive,POS_E,ERCC_00035.1,308,280,274,296,300,319
Positive,POS_F,ERCC_00034.1,115,123,135,116,138,129
Negative,NEG_A,ERCC_00096.1,34,29,25,25,17,24
Negative,NEG_B,ERCC_00041.1,86,70,89,63,64,66
Negative,NEG_C,ERCC_00019.1,24,46,36,51,56,55
Negative,NEG_D,ERCC_00076.1,29,14,16,22,21,19
Negative,NEG_E,ERCC_00098.1,25,30,26,22,36,31
Negative,NEG_F,ERCC_00126.1,98,96,93,87,99,98
Negative,NEG_G,ERCC_00144.1,60,52,65,53,63,55
Negative,NEG_H,ERCC_00154.1,67,92,72,68,72,61
Ligation,LIG_NEG_A,nmiR00810.1,11,12,9,10,15,15
Ligation,LIG_NEG_B,nmiR00828.1,11,19,9,6,7,5
Ligation,LIG_NEG_C,nmiR00803.1,10,4,7,6,4,10
Ligation,LIG_POS_A,nmiR00813.1,35454,69018,58456,16195,21050,25760
Ligation,LIG_POS_B,nmiR00809.1,5637,11812,9908,3033,4217,5468
Ligation,LIG_POS_C,nmiR00811.1,924,1854,1574,570,697,838
SpikeIn,ath-miR159a,MIMAT0000177,14,8,6,8,20,10
SpikeIn,cel-miR-248,MIMAT0000304,9,12,11,11,6,6
SpikeIn,osa-miR414,MIMAT0001330,3,5,7,4,14,5
Endogenous,mcmv-miR-M23-1-3p,MIMAT0005543,22,29,27,26,24,31
Endogenous,mcmv-miR-M23-1-5p,MIMAT0005542,14,11,6,11,17,11
Endogenous,mcmv-miR-M23-2,MIMAT0005545,8,13,7,7,7,8
Endogenous,mcmv-miR-M44-1,MIMAT0005546,9,6,6,6,8,10
Endogenous,mcmv-miR-M55-1,MIMAT0005547,12,11,8,10,8,12
Endogenous,mcmv-miR-M87-1,MIMAT0005550,14,18,10,8,4,10
Endogenous,mcmv-miR-M95-1-3p,MIMAT0005554,22,19,35,28,17,21
Endogenous,mcmv-miR-M95-1-5p,MIMAT0005553,2,16,7,5,11,6
Endogenous,mcmv-miR-m01-1,MIMAT0005533,9,21,12,13,20,20
Endogenous,mcmv-miR-m01-2,MIMAT0005534,21,20,23,22,27,24
Endogenous,mcmv-miR-m01-3,MIMAT0005536,13,15,18,12,17,10
Endogenous,mcmv-miR-m01-4,MIMAT0005538,7,10,1,6,5,6
Endogenous,mcmv-miR-m107-1-3p,MIMAT0005556,13,17,17,10,27,21
Endogenous,mcmv-miR-m107-1-5p,MIMAT0005555,6,12,10,7,13,10
Endogenous,mcmv-miR-m108-1,MIMAT0005558,24,24,30,21,27,29
Endogenous,mcmv-miR-m108-2-3p,MIMAT0005561,5,11,8,10,6,4
Endogenous,mcmv-miR-m108-2-5p.1,MIMAT0005560,19,22,11,17,13,13
Endogenous,mcmv-miR-m108-2-5p.2,MIMAT0005559,20,14,14,26,19,27
Endogenous,mcmv-miR-m21-1,MIMAT0005540,18,18,15,21,23,24
Endogenous,mcmv-miR-m22-1,MIMAT0005541,6,7,8,9,9,6
Endogenous,mcmv-miR-m59-1,MIMAT0005548,5,7,6,8,10,6
Endogenous,mcmv-miR-m59-2,MIMAT0005549,18,20,23,17,11,11
Endogenous,mcmv-miR-m88-1,MIMAT0005552,17,17,18,15,9,20
Endogenous,mghv-miR-M1-1,MIMAT0001564,13,15,13,20,19,18
Endogenous,mghv-miR-M1-2,MIMAT0001565,5,11,18,12,16,11
Endogenous,mghv-miR-M1-3,MIMAT0001566,15,14,16,14,12,16
Endogenous,mghv-miR-M1-4,MIMAT0001567,24,28,23,21,19,29
Endogenous,mghv-miR-M1-5,MIMAT0001568,22,16,24,19,21,21
Endogenous,mghv-miR-M1-6,MIMAT0001569,9,14,7,1,2,15
Endogenous,mghv-miR-M1-7-3p,MIMAT0001571,25,17,29,23,21,25
Endogenous,mghv-miR-M1-7-5p,MIMAT0001570,12,9,8,9,11,14
Endogenous,mghv-miR-M1-8,MIMAT0001572,9,24,21,16,26,17
Endogenous,mghv-miR-M1-9,MIMAT0001573,8,6,2,7,5,1
Endogenous,mmu-let-7a,MIMAT0000521,7131,15241,16735,5468,6066,11882
Endogenous,mmu-let-7b,MIMAT0000522,11839,22381,23746,12372,15603,19248
Endogenous,mmu-let-7c,MIMAT0000523,5222,11144,11300,8120,9249,14486
Endogenous,mmu-let-7d,MIMAT0000383,14494,20103,25942,10770,11527,15571
Endogenous,mmu-let-7e,MIMAT0000524,1223,2308,2676,1182,1414,1806
Endogenous,mmu-let-7f,MIMAT0000525,2159,2834,2957,2373,2719,4156
Endogenous,mmu-let-7g,MIMAT0000121,14264,24486,28145,9831,11731,16614
Endogenous,mmu-let-7i,MIMAT0000122,7938,13781,15541,5642,6790,9010
Endogenous,mmu-miR-1,MIMAT0000123,33688,51947,77152,3814,3774,8867
Endogenous,mmu-miR-100,MIMAT0000655,1116,2230,2293,896,1092,1526
Endogenous,mmu-miR-101a,MIMAT0000133,51,82,73,115,147,223
Endogenous,mmu-miR-101b,MIMAT0000616,75,87,93,85,110,130
Endogenous,mmu-miR-103,MIMAT0000546,369,798,833,273,270,348
Endogenous,mmu-miR-105,MIMAT0004856,10,11,13,9,19,19
Endogenous,mmu-miR-106a+mmu-miR-17,MIMAT0000385,986,2212,2293,834,891,991
Endogenous,mmu-miR-106b,MIMAT0000386,270,567,518,212,223,315
Endogenous,mmu-miR-107,MIMAT0000647,89,214,197,95,82,119
Endogenous,mmu-miR-10a,MIMAT0000648,58,82,100,46,32,65
Endogenous,mmu-miR-10b,MIMAT0000208,225,326,374,236,223,248
Endogenous,mmu-miR-1186,MIMAT0005836,7,17,13,7,11,14
Endogenous,mmu-miR-1186b,MIMAT0015644,10,19,11,7,9,14
Endogenous,mmu-miR-1187,MIMAT0005837,35,33,22,21,22,40
Endogenous,mmu-miR-1188,MIMAT0005843,10,5,15,17,14,12
Endogenous,mmu-miR-1190,MIMAT0005847,14,11,10,10,11,9
Endogenous,mmu-miR-1191,MIMAT0005849,11,9,6,8,3,4
Endogenous,mmu-miR-1192,MIMAT0005850,10,6,15,8,11,13
Endogenous,mmu-miR-1193,MIMAT0005851,11,24,25,14,14,13
Endogenous,mmu-miR-1194,MIMAT0005852,21,10,18,16,16,12
Endogenous,mmu-miR-1195,MIMAT0005856,12,17,11,7,13,15
Endogenous,mmu-miR-1196,MIMAT0005857,27,66,49,17,19,19
Endogenous,mmu-miR-1197,MIMAT0005858,18,14,18,7,9,14
Endogenous,mmu-miR-1198,MIMAT0005859,99,102,150,126,87,119
Endogenous,mmu-miR-1199,MIMAT0005860,7,7,5,6,3,6
Endogenous,mmu-miR-122,MIMAT0000246,13,13,17,10,9,14
Endogenous,mmu-miR-1224,MIMAT0005460,771,415,840,357,403,575
Endogenous,mmu-miR-124,MIMAT0000134,74,65,162,49,70,56
Endogenous,mmu-miR-125a-3p,MIMAT0004528,41,90,72,42,55,58
Endogenous,mmu-miR-125a-5p,MIMAT0000135,3623,6819,7281,3031,3349,4347
Endogenous,mmu-miR-125b-3p,MIMAT0004669,129,200,202,75,71,109
Endogenous,mmu-miR-125b-5p,MIMAT0000136,19787,40488,41899,11782,12093,16448
Endogenous,mmu-miR-126-3p,MIMAT0000138,21907,24800,30216,22049,24346,29625
Endogenous,mmu-miR-126-5p,MIMAT0000137,680,1137,1233,960,1139,1672
Endogenous,mmu-miR-127,MIMAT0000139,28,72,84,38,46,62
Endogenous,mmu-miR-1274a,MIMAT0009445,51,209,138,74,76,82
Endogenous,mmu-miR-128,MIMAT0000140,59,59,69,48,67,89
Endogenous,mmu-miR-129-3p,MIMAT0000544,14,18,17,8,9,21
Endogenous,mmu-miR-129-5p,MIMAT0000209,11,18,11,8,12,27
Endogenous,mmu-miR-1306,MIMAT0009411,11,17,14,22,13,9
Endogenous,mmu-miR-130a,MIMAT0000141,1053,1942,1884,786,884,1043
Endogenous,mmu-miR-130b,MIMAT0000387,56,66,94,50,61,74
Endogenous,mmu-miR-132,MIMAT0000144,223,320,391,212,209,264
Endogenous,mmu-miR-133a,MIMAT0000145,12401,10557,15105,6035,5859,9718
Endogenous,mmu-miR-133b,MIMAT0000769,357,401,435,194,195,282
Endogenous,mmu-miR-134,MIMAT0000146,19,23,31,13,26,34
Endogenous,mmu-miR-135a,MIMAT0000147,144,144,164,97,105,114
Endogenous,mmu-miR-135b,MIMAT0000612,34,44,30,10,21,28
Endogenous,mmu-miR-136,MIMAT0000148,783,1355,1492,624,700,866
Endogenous,mmu-miR-137,MIMAT0000149,13,12,9,10,14,11
Endogenous,mmu-miR-138,MIMAT0000150,39,73,71,28,25,38
Endogenous,mmu-miR-139-3p,MIMAT0004662,14,12,10,2,10,4
Endogenous,mmu-miR-139-5p,MIMAT0000656,145,134,180,92,106,155
Endogenous,mmu-miR-140,MIMAT0000151,469,1269,1298,375,460,577
Endogenous,mmu-miR-141,MIMAT0000153,390,823,950,270,326,353
Endogenous,mmu-miR-142-3p,MIMAT0000155,916,2902,3150,758,643,1143
Endogenous,mmu-miR-142-5p,MIMAT0000154,333,392,330,332,339,356
Endogenous,mmu-miR-143,MIMAT0000247,1146,2124,2403,668,712,1126
Endogenous,mmu-miR-144,MIMAT0000156,767,2107,1765,853,818,2141
Endogenous,mmu-miR-145,MIMAT0000157,1789,3682,4005,2174,2424,3605
Endogenous,mmu-miR-146a,MIMAT0000158,601,1146,1225,627,861,1021
Endogenous,mmu-miR-146b,MIMAT0003475,27,39,41,12,16,21
Endogenous,mmu-miR-147,MIMAT0004857,11,8,13,6,5,8
Endogenous,mmu-miR-148a,MIMAT0000516,10269,25235,25627,4234,5461,7824
Endogenous,mmu-miR-148b,MIMAT0000580,301,612,630,219,231,349
Endogenous,mmu-miR-149,MIMAT0000159,315,530,716,124,121,255
Endogenous,mmu-miR-150,MIMAT0000160,1458,1773,2024,1123,1066,1474
Endogenous,mmu-miR-151-3p,MIMAT0000161,53,74,88,41,52,35
Endogenous,mmu-miR-151-5p,MIMAT0004536,1326,2227,2776,854,897,1283
Endogenous,mmu-miR-152,MIMAT0000162,1142,2390,2767,661,785,948
Endogenous,mmu-miR-153,MIMAT0000163,6,3,4,1,6,6
Endogenous,mmu-miR-154,MIMAT0000164,38,78,76,32,45,49
Endogenous,mmu-miR-155,MIMAT0000165,1,1,1,1,1,1
Endogenous,mmu-miR-15a,MIMAT0000526,3525,5827,6650,2953,3065,3577
Endogenous,mmu-miR-15b,MIMAT0000124,2647,4903,4950,2012,2177,2890
Endogenous,mmu-miR-16,MIMAT0000527,9349,19402,21960,6179,6476,9153
Endogenous,mmu-miR-181a,MIMAT0000210,7112,14590,17016,5775,5367,9135
Endogenous,mmu-miR-181b+mmu-miR-181d,MIMAT0000673,19,17,30,12,23,31
Endogenous,mmu-miR-181c,MIMAT0000674,98,243,187,76,71,124
Endogenous,mmu-miR-182,MIMAT0000211,18,35,42,18,22,22
Endogenous,mmu-miR-183,MIMAT0000212,270,358,932,337,275,333
Endogenous,mmu-miR-1839-3p,MIMAT0009457,9,14,4,12,3,5
Endogenous,mmu-miR-1839-5p,MIMAT0009456,101,151,171,66,82,96
Endogenous,mmu-miR-184,MIMAT0000213,17,22,26,28,28,21
Endogenous,mmu-miR-185,MIMAT0000214,108,184,220,28,43,61
Endogenous,mmu-miR-186,MIMAT0000215,16,17,13,15,9,18
Endogenous,mmu-miR-187,MIMAT0000216,21,41,21,10,15,18
Endogenous,mmu-miR-188-3p,MIMAT0004541,17,12,10,9,12,10
Endogenous,mmu-miR-188-5p,MIMAT0000217,7,5,12,5,12,7
Endogenous,mmu-miR-1892,MIMAT0007871,8,6,11,21,8,11
Endogenous,mmu-miR-1893,MIMAT0007879,17,9,12,13,15,12
Endogenous,mmu-miR-1894-3p,MIMAT0007878,8,14,8,2,4,13
Endogenous,mmu-miR-1894-5p,MIMAT0007877,15,8,10,16,21,19
Endogenous,mmu-miR-1895,MIMAT0007867,17,10,12,8,9,16
Endogenous,mmu-miR-1896,MIMAT0007873,4,7,12,9,8,11
Endogenous,mmu-miR-1897-3p,MIMAT0007865,11,10,12,7,12,9
Endogenous,mmu-miR-1898,MIMAT0007875,14,16,13,10,6,12
Endogenous,mmu-miR-1899,MIMAT0007869,7,6,8,4,10,11
Endogenous,mmu-miR-18a,MIMAT0000528,10,32,22,18,6,17
Endogenous,mmu-miR-18b,MIMAT0004858,3,8,9,12,6,9
Endogenous,mmu-miR-190,MIMAT0000220,166,232,314,79,78,126
Endogenous,mmu-miR-1900,MIMAT0007870,24,13,21,22,18,9
Endogenous,mmu-miR-1901,MIMAT0007880,8,12,8,7,8,12
Endogenous,mmu-miR-1902,MIMAT0007863,61,165,122,172,143,157
Endogenous,mmu-miR-1903,MIMAT0007868,17,19,15,15,22,16
Endogenous,mmu-miR-1904,MIMAT0007874,16,13,13,8,16,8
Endogenous,mmu-miR-1905,MIMAT0007866,3,9,7,4,5,7
Endogenous,mmu-miR-1906,MIMAT0007872,19,21,18,24,22,13
Endogenous,mmu-miR-1907,MIMAT0007876,10,11,12,9,4,16
Endogenous,mmu-miR-190b,MIMAT0004852,6,9,8,6,9,10
Endogenous,mmu-miR-191,MIMAT0000221,283,522,678,161,186,209
Endogenous,mmu-miR-192,MIMAT0000517,56,38,57,29,34,39
Endogenous,mmu-miR-1927,MIMAT0009390,5,4,9,7,4,7
Endogenous,mmu-miR-1928,MIMAT0009391,23,24,26,28,22,38
Endogenous,mmu-miR-1929,MIMAT0009392,23,45,26,27,22,25
Endogenous,mmu-miR-193,MIMAT0000223,53,100,119,38,19,41
Endogenous,mmu-miR-1930,MIMAT0009393,14,13,22,11,6,13
Endogenous,mmu-miR-1931,MIMAT0009394,6,12,8,6,5,6
Endogenous,mmu-miR-1932,MIMAT0009395,4,2,4,2,4,3
Endogenous,mmu-miR-1933-3p,MIMAT0009397,6,10,3,14,5,5
Endogenous,mmu-miR-1933-5p,MIMAT0009396,60,123,107,64,65,91
Endogenous,mmu-miR-1934,MIMAT0009398,5,7,10,10,5,8
Endogenous,mmu-miR-1935,MIMAT0009399,9,10,12,15,12,10
Endogenous,mmu-miR-1936,MIMAT0009400,4,7,11,4,8,5
Endogenous,mmu-miR-1937a+mmu-miR-1937b,MIMAT0009401,837,3211,2579,2074,1940,3140
Endogenous,mmu-miR-1937c,MIMAT0009429,349,1251,1042,555,460,739
Endogenous,mmu-miR-1938,MIMAT0009402,5,9,10,5,7,6
Endogenous,mmu-miR-1939,MIMAT0009403,6,15,17,6,11,6
Endogenous,mmu-miR-193b,MIMAT0004859,18,52,47,48,49,37
Endogenous,mmu-miR-194,MIMAT0000224,55,85,105,42,52,63
Endogenous,mmu-miR-1940,MIMAT0009404,41,32,37,31,37,32
Endogenous,mmu-miR-1941-3p,MIMAT0009406,19,20,16,17,18,17
Endogenous,mmu-miR-1941-5p,MIMAT0009405,5,15,13,11,14,13
Endogenous,mmu-miR-1942,MIMAT0009407,53,30,35,33,46,42
Endogenous,mmu-miR-1943,MIMAT0009408,16,15,14,20,22,18
Endogenous,mmu-miR-1944,MIMAT0009409,1343,3514,3702,1013,1020,1385
Endogenous,mmu-miR-1945,MIMAT0009410,5,2,8,7,9,3
Endogenous,mmu-miR-1946a,MIMAT0009412,6,2,11,11,11,10
Endogenous,mmu-miR-1946b,MIMAT0009443,7,10,7,7,8,9
Endogenous,mmu-miR-1947,MIMAT0009413,3,3,6,12,5,5
Endogenous,mmu-miR-1948,MIMAT0009415,8,16,14,9,8,12
Endogenous,mmu-miR-1949,MIMAT0009416,11,24,20,23,21,32
Endogenous,mmu-miR-195,MIMAT0000225,133,301,337,155,150,190
Endogenous,mmu-miR-1950,MIMAT0009417,7,18,15,12,8,8
Endogenous,mmu-miR-1951,MIMAT0009422,9,7,9,8,14,12
Endogenous,mmu-miR-1952,MIMAT0009423,11,13,20,7,10,9
Endogenous,mmu-miR-1953,MIMAT0009424,9,10,15,14,12,8
Endogenous,mmu-miR-1954,MIMAT0009425,5,8,5,5,7,7
Endogenous,mmu-miR-1955,MIMAT0009426,7,12,8,12,9,14
Endogenous,mmu-miR-1956,MIMAT0009428,12,14,19,24,27,20
Endogenous,mmu-miR-1957,MIMAT0009430,24,17,28,27,25,20
Endogenous,mmu-miR-1958,MIMAT0009431,25,23,25,29,26,27
Endogenous,mmu-miR-1959,MIMAT0009432,20,21,23,27,22,12
Endogenous,mmu-miR-1960,MIMAT0009433,14,5,4,6,10,6
Endogenous,mmu-miR-1961,MIMAT0009434,19,21,43,23,30,22
Endogenous,mmu-miR-1962,MIMAT0009435,17,15,14,23,21,21
Endogenous,mmu-miR-1963,MIMAT0009436,13,17,20,12,22,13
Endogenous,mmu-miR-1964,MIMAT0009437,12,14,12,13,15,14
Endogenous,mmu-miR-1965,MIMAT0009438,12,19,19,12,13,18
Endogenous,mmu-miR-1966,MIMAT0009439,7,11,23,16,14,19
Endogenous,mmu-miR-1967,MIMAT0009440,15,11,13,11,12,15
Endogenous,mmu-miR-1968,MIMAT0009441,11,8,10,7,9,6
Endogenous,mmu-miR-1969,MIMAT0009442,5,5,7,9,8,5
Endogenous,mmu-miR-196a,MIMAT0000518,7,16,7,20,19,22
Endogenous,mmu-miR-196b,MIMAT0001081,7,15,18,15,14,17
Endogenous,mmu-miR-1970,MIMAT0009444,7,12,9,6,8,2
Endogenous,mmu-miR-1971,MIMAT0009446,7,10,4,6,7,4
Endogenous,mmu-miR-1981,MIMAT0009458,7,10,9,8,5,15
Endogenous,mmu-miR-1982,MIMAT0009460,10,13,16,11,9,18
Endogenous,mmu-miR-1983,MIMAT0009455,29,53,76,23,25,25
Endogenous,mmu-miR-199a-3p,MIMAT0000230,21302,43798,47656,18187,22725,26497
Endogenous,mmu-miR-199a-5p,MIMAT0000229,4807,12235,11071,4506,5786,7532
Endogenous,mmu-miR-19a,MIMAT0000651,453,1088,1020,359,347,475
Endogenous,mmu-miR-19b,MIMAT0000513,221,411,370,122,133,135
Endogenous,mmu-miR-200a,MIMAT0000519,561,1109,1640,471,587,693
Endogenous,mmu-miR-200b,MIMAT0000233,324,342,495,189,254,237
Endogenous,mmu-miR-200c,MIMAT0000657,1157,1482,1595,1094,1130,1145
Endogenous,mmu-miR-201,MIMAT0000234,31,42,25,27,26,30
Endogenous,mmu-miR-202-3p,MIMAT0000235,24,33,25,23,25,31
Endogenous,mmu-miR-202-5p,MIMAT0004546,53,78,55,65,56,69
Endogenous,mmu-miR-203,MIMAT0000236,2331,4705,3724,5541,7204,5613
Endogenous,mmu-miR-204,MIMAT0000237,457,934,988,391,424,617
Endogenous,mmu-miR-205,MIMAT0000238,15757,40816,33710,20296,23446,21963
Endogenous,mmu-miR-206,MIMAT0000239,5354,3404,4924,3091,3827,2696
Endogenous,mmu-miR-207,MIMAT0000240,11,9,9,12,9,10
Endogenous,mmu-miR-208a,MIMAT0000520,22,22,29,23,16,19
Endogenous,mmu-miR-208b,MIMAT0004939,4,16,11,10,9,10
Endogenous,mmu-miR-20a+mmu-miR-20b,MIMAT0000529,2338,4196,4503,2398,2665,2619
Endogenous,mmu-miR-21,MIMAT0000530,2222,5412,5307,1670,2360,2498
Endogenous,mmu-miR-210,MIMAT0000658,258,818,639,165,180,245
Endogenous,mmu-miR-211,MIMAT0000668,11,8,9,4,4,11
Endogenous,mmu-miR-212,MIMAT0000659,10,19,19,11,18,8
Endogenous,mmu-miR-2132,MIMAT0011208,28,45,54,24,20,45
Endogenous,mmu-miR-2133,MIMAT0011209,15,16,22,20,23,34
Endogenous,mmu-miR-2134,MIMAT0011210,10,31,23,20,11,25
Endogenous,mmu-miR-2135,MIMAT0011211,35,61,55,16,19,26
Endogenous,mmu-miR-2136,MIMAT0011212,15,26,16,21,27,24
Endogenous,mmu-miR-2137,MIMAT0011213,10,30,42,18,20,27
Endogenous,mmu-miR-2138,MIMAT0011214,13,22,14,14,18,30
Endogenous,mmu-miR-2139,MIMAT0011215,16,12,15,8,28,22
Endogenous,mmu-miR-214,MIMAT0000661,37,64,79,52,60,48
Endogenous,mmu-miR-2140,MIMAT0011216,23,37,37,19,35,19
Endogenous,mmu-miR-2141,MIMAT0011217,64,127,109,61,91,61
Endogenous,mmu-miR-2145,MIMAT0011221,15,8,9,7,8,14
Endogenous,mmu-miR-2146,MIMAT0011222,13,20,9,17,24,25
Endogenous,mmu-miR-216a,MIMAT0000662,17,18,23,18,27,19
Endogenous,mmu-miR-216b,MIMAT0003729,12,16,14,9,11,9
Endogenous,mmu-miR-217,MIMAT0000679,7,3,5,5,9,2
Endogenous,mmu-miR-218,MIMAT0000663,224,551,568,188,260,372
Endogenous,mmu-miR-2182,MIMAT0011286,8,8,12,8,10,5
Endogenous,mmu-miR-2183,MIMAT0011287,15,47,28,25,23,31
Endogenous,mmu-miR-219,MIMAT0000664,20,43,35,20,25,30
Endogenous,mmu-miR-22,MIMAT0000531,23486,27565,35141,16828,18722,25487
Endogenous,mmu-miR-220,MIMAT0004863,14,13,10,8,10,11
Endogenous,mmu-miR-221,MIMAT0000669,47,108,108,57,74,78
Endogenous,mmu-miR-222,MIMAT0000670,15,18,22,26,13,25
Endogenous,mmu-miR-223,MIMAT0000665,1615,3755,5023,1533,1023,1790
Endogenous,mmu-miR-224,MIMAT0000671,25,27,25,25,26,27
Endogenous,mmu-miR-23a,MIMAT0000532,13736,26509,26582,6546,8127,9444
Endogenous,mmu-miR-23b,MIMAT0000125,1962,4572,4674,1527,1965,2336
Endogenous,mmu-miR-24,MIMAT0000219,280,668,599,310,359,388
Endogenous,mmu-miR-25,MIMAT0000652,2128,4225,4537,1547,1569,2304
Endogenous,mmu-miR-26a,MIMAT0000533,72,110,114,182,154,243
Endogenous,mmu-miR-26b,MIMAT0000534,933,1656,1937,893,1094,1481
Endogenous,mmu-miR-27a,MIMAT0000537,10707,14638,14933,7859,8770,8859
Endogenous,mmu-miR-27b,MIMAT0000126,727,1617,1389,801,832,916
Endogenous,mmu-miR-28,MIMAT0000653,132,292,294,153,181,194
Endogenous,mmu-miR-2861,MIMAT0013803,7,9,10,6,5,9
Endogenous,mmu-miR-290-3p,MIMAT0004572,12,14,17,10,19,27
Endogenous,mmu-miR-290-5p,MIMAT0000366,13,8,16,13,18,11
Endogenous,mmu-miR-291a-3p,MIMAT0000368,12,8,13,12,10,13
Endogenous,mmu-miR-291a-5p,MIMAT0000367,1,1,1,4,1,2
Endogenous,mmu-miR-291b-3p,MIMAT0003190,8,12,9,10,6,9
Endogenous,mmu-miR-291b-5p,MIMAT0003189,6,4,4,6,5,2
Endogenous,mmu-miR-292-3p,MIMAT0000370,12,12,20,12,13,22
Endogenous,mmu-miR-292-5p,MIMAT0000369,9,10,13,10,15,17
Endogenous,mmu-miR-293,MIMAT0000371,11,7,11,6,6,7
Endogenous,mmu-miR-294,MIMAT0000372,11,4,13,7,4,10
Endogenous,mmu-miR-295,MIMAT0000373,2,15,1,6,4,2
Endogenous,mmu-miR-296-3p,MIMAT0004576,5,13,17,8,11,8
Endogenous,mmu-miR-296-5p,MIMAT0000374,10,22,18,6,13,19
Endogenous,mmu-miR-297a+mmu-miR-466f+mmu-miR-669b,MIMAT0000375,15,14,12,10,15,18
Endogenous,mmu-miR-297b-3p,MIMAT0004827,10,11,7,6,8,4
Endogenous,mmu-miR-297b-5p,MIMAT0003480,6,15,6,9,5,10
Endogenous,mmu-miR-297c,MIMAT0004865,12,24,17,20,10,17
Endogenous,mmu-miR-298,MIMAT0000376,6,9,8,8,3,5
Endogenous,mmu-miR-299,MIMAT0004577,10,12,25,13,12,23
Endogenous,mmu-miR-29a,MIMAT0000535,13647,17419,18020,9096,11457,14752
Endogenous,mmu-miR-29b,MIMAT0000127,4910,8421,8470,2698,3327,4714
Endogenous,mmu-miR-29c,MIMAT0000536,4177,6200,7784,2330,2733,4492
Endogenous,mmu-miR-300,MIMAT0000378,34,57,65,32,44,51
Endogenous,mmu-miR-301a,MIMAT0000379,368,653,773,246,249,307
Endogenous,mmu-miR-301b,MIMAT0004186,86,112,155,50,54,77
Endogenous,mmu-miR-302a,MIMAT0000380,5,8,3,12,2,13
Endogenous,mmu-miR-302b,MIMAT0003374,18,8,19,12,8,12
Endogenous,mmu-miR-302c,MIMAT0003376,3,3,7,2,3,6
Endogenous,mmu-miR-302d,MIMAT0003377,9,18,17,11,11,12
Endogenous,mmu-miR-3072,MIMAT0014853,9,2,6,5,8,2
Endogenous,mmu-miR-3099,MIMAT0014816,10,11,8,10,4,11
Endogenous,mmu-miR-30a,MIMAT0000128,1006,1420,1945,625,643,882
Endogenous,mmu-miR-30b,MIMAT0000130,498,805,824,774,828,1330
Endogenous,mmu-miR-30c,MIMAT0000514,8548,9419,12361,4659,4692,7162
Endogenous,mmu-miR-30d,MIMAT0000515,728,1230,1529,695,754,1008
Endogenous,mmu-miR-30e,MIMAT0000248,278,414,499,231,261,318
Endogenous,mmu-miR-31,MIMAT0000538,43,67,95,46,41,63
Endogenous,mmu-miR-32,MIMAT0000654,38,60,61,41,33,41
Endogenous,mmu-miR-320,MIMAT0000666,23,44,39,26,16,24
Endogenous,mmu-miR-322,MIMAT0000548,1074,1209,1664,342,375,554
Endogenous,mmu-miR-323-3p,MIMAT0000551,18,10,11,10,9,12
Endogenous,mmu-miR-323-5p,MIMAT0004638,21,22,17,13,20,14
Endogenous,mmu-miR-324-3p,MIMAT0000556,8,12,8,4,7,14
Endogenous,mmu-miR-324-5p,MIMAT0000555,28,49,48,32,22,36
Endogenous,mmu-miR-325,MIMAT0004640,4,3,5,5,2,7
Endogenous,mmu-miR-326,MIMAT0000559,50,73,98,27,17,67
Endogenous,mmu-miR-327,MIMAT0004867,10,12,12,13,5,7
Endogenous,mmu-miR-328,MIMAT0000565,58,92,79,75,56,109
Endogenous,mmu-miR-329,MIMAT0000567,83,141,160,42,49,57
Endogenous,mmu-miR-33,MIMAT0000667,66,148,150,72,78,89
Endogenous,mmu-miR-330,MIMAT0004642,18,19,33,20,19,33
Endogenous,mmu-miR-331-3p,MIMAT0000571,50,92,111,37,49,52
Endogenous,mmu-miR-331-5p,MIMAT0004643,22,50,49,31,36,38
Endogenous,mmu-miR-335-3p,MIMAT0004704,23,15,17,12,21,16
Endogenous,mmu-miR-335-5p,MIMAT0000766,278,351,381,101,107,165
Endogenous,mmu-miR-337-3p,MIMAT0000578,24,14,22,9,14,19
Endogenous,mmu-miR-337-5p,MIMAT0004644,13,21,11,15,15,18
Endogenous,mmu-miR-338-3p,MIMAT0000582,739,1371,1660,645,569,978
Endogenous,mmu-miR-338-5p,MIMAT0004647,16,23,26,16,16,22
Endogenous,mmu-miR-339-3p,MIMAT0004649,3,8,7,6,7,6
Endogenous,mmu-miR-339-5p,MIMAT0000584,7,5,3,8,3,5
Endogenous,mmu-miR-340-3p,MIMAT0000586,51,91,106,43,35,52
Endogenous,mmu-miR-340-5p,MIMAT0004651,351,436,459,337,426,469
Endogenous,mmu-miR-341,MIMAT0000588,5,3,6,7,4,8
Endogenous,mmu-miR-342-3p,MIMAT0000590,568,1079,1148,406,446,738
Endogenous,mmu-miR-342-5p,MIMAT0004653,17,18,31,19,10,15
Endogenous,mmu-miR-343,MIMAT0004868,8,6,9,9,6,9
Endogenous,mmu-miR-344,MIMAT0000593,10,8,7,8,7,6
Endogenous,mmu-miR-345-3p,MIMAT0004656,32,30,25,29,30,39
Endogenous,mmu-miR-345-5p,MIMAT0000595,80,118,131,74,74,118
Endogenous,mmu-miR-346,MIMAT0000597,21,20,23,20,29,23
Endogenous,mmu-miR-3470a+mmu-miR-3470b,MIMAT0015640,32,31,25,20,23,30
Endogenous,mmu-miR-3471,MIMAT0015642,15,26,19,31,24,41
Endogenous,mmu-miR-3472,MIMAT0015643,21,16,21,19,21,20
Endogenous,mmu-miR-3473,MIMAT0015645,13,16,17,13,21,10
Endogenous,mmu-miR-3474,MIMAT0015646,12,10,7,11,8,8
Endogenous,mmu-miR-3475,MIMAT0015219,10,17,7,11,10,7
Endogenous,mmu-miR-34a,MIMAT0000542,20,26,31,29,21,28
Endogenous,mmu-miR-34b-3p,MIMAT0004581,21,24,21,15,14,20
Endogenous,mmu-miR-34b-5p,MIMAT0000382,25,42,31,27,23,22
Endogenous,mmu-miR-34c,MIMAT0000381,1,1,1,1,1,1
Endogenous,mmu-miR-350,MIMAT0000605,355,634,659,336,356,470
Endogenous,mmu-miR-351,MIMAT0000609,13,5,15,8,8,13
Endogenous,mmu-miR-361,MIMAT0000704,43,100,95,108,97,145
Endogenous,mmu-miR-362-3p,MIMAT0004684,55,105,99,33,33,35
Endogenous,mmu-miR-362-5p,MIMAT0000706,12,16,24,19,15,16
Endogenous,mmu-miR-363,MIMAT0000708,4,4,7,5,8,9
Endogenous,mmu-miR-365,MIMAT0000711,265,486,451,285,289,343
Endogenous,mmu-miR-367,MIMAT0003181,24,31,32,23,40,27
Endogenous,mmu-miR-369-3p,MIMAT0003186,40,68,72,33,62,66
Endogenous,mmu-miR-369-5p,MIMAT0003185,20,9,18,13,22,19
Endogenous,mmu-miR-370,MIMAT0001095,13,5,9,11,11,14
Endogenous,mmu-miR-374,MIMAT0003727,147,278,253,177,191,255
Endogenous,mmu-miR-375,MIMAT0000739,322,453,416,20,62,45
Endogenous,mmu-miR-376a,MIMAT0000740,54,243,50,109,85,107
Endogenous,mmu-miR-376b,MIMAT0001092,14,43,54,25,29,50
Endogenous,mmu-miR-376c,MIMAT0003183,130,149,167,99,135,122
Endogenous,mmu-miR-377,MIMAT0000741,89,165,146,54,61,76
Endogenous,mmu-miR-378,MIMAT0003151,10590,8907,14066,5283,5063,6904
Endogenous,mmu-miR-379,MIMAT0000743,36,42,50,18,21,30
Endogenous,mmu-miR-380-3p,MIMAT0000745,17,12,16,27,24,13
Endogenous,mmu-miR-380-5p,MIMAT0000744,17,14,13,9,23,17
Endogenous,mmu-miR-381,MIMAT0000746,86,74,91,52,56,70
Endogenous,mmu-miR-382,MIMAT0000747,121,145,171,83,86,132
Endogenous,mmu-miR-383,MIMAT0000748,14,9,22,16,15,11
Endogenous,mmu-miR-384-3p,MIMAT0001076,19,20,25,12,16,23
Endogenous,mmu-miR-384-5p,MIMAT0004745,11,9,11,8,12,8
Endogenous,mmu-miR-409-3p,MIMAT0001090,9,6,6,12,3,3
Endogenous,mmu-miR-409-5p,MIMAT0004746,19,22,22,9,8,13
Endogenous,mmu-miR-410,MIMAT0001091,34,61,41,27,38,43
Endogenous,mmu-miR-411,MIMAT0004747,76,97,92,62,68,89
Endogenous,mmu-miR-412,MIMAT0001094,8,16,11,10,10,12
Endogenous,mmu-miR-421,MIMAT0004869,30,26,33,30,35,34
Endogenous,mmu-miR-423-3p,MIMAT0003454,60,136,120,56,57,68
Endogenous,mmu-miR-423-5p,MIMAT0004825,49,79,90,48,56,63
Endogenous,mmu-miR-425,MIMAT0004750,179,267,286,128,106,128
Endogenous,mmu-miR-429,MIMAT0001537,940,1843,2751,1162,1132,1283
Endogenous,mmu-miR-431,MIMAT0001418,26,29,29,32,30,28
Endogenous,mmu-miR-432,MIMAT0012771,26,19,27,12,26,31
Endogenous,mmu-miR-433,MIMAT0001420,54,60,48,48,61,57
Endogenous,mmu-miR-434-3p,MIMAT0001422,60,153,145,67,82,101
Endogenous,mmu-miR-434-5p,MIMAT0001421,25,40,34,22,20,22
Endogenous,mmu-miR-448,MIMAT0001533,12,17,12,7,12,11
Endogenous,mmu-miR-449a,MIMAT0001542,11,10,13,13,7,15
Endogenous,mmu-miR-449b,MIMAT0005447,9,7,7,11,7,10
Endogenous,mmu-miR-449c,MIMAT0003460,4,6,9,4,3,5
Endogenous,mmu-miR-450a-3p,MIMAT0004789,5,4,5,5,5,9
Endogenous,mmu-miR-450a-5p,MIMAT0001546,82,221,206,125,127,221
Endogenous,mmu-miR-450b-3p,MIMAT0003512,8,22,20,8,10,9
Endogenous,mmu-miR-450b-5p,MIMAT0003511,13,14,19,13,14,6
Endogenous,mmu-miR-451,MIMAT0001632,7451,12147,9156,6100,7442,13368
Endogenous,mmu-miR-452,MIMAT0001637,4,8,16,8,8,9
Endogenous,mmu-miR-453,MIMAT0004870,5,8,7,6,9,8
Endogenous,mmu-miR-455,MIMAT0003742,41,77,70,41,46,54
Endogenous,mmu-miR-463,MIMAT0004758,26,12,16,24,14,14
Endogenous,mmu-miR-464,MIMAT0002105,8,15,15,18,18,10
Endogenous,mmu-miR-465a-3p,MIMAT0004217,15,18,13,16,17,9
Endogenous,mmu-miR-465a-5p,MIMAT0002106,7,8,9,6,12,4
Endogenous,mmu-miR-465b-5p,MIMAT0004871,9,10,8,14,6,12
Endogenous,mmu-miR-465c-5p,MIMAT0004873,20,11,10,16,14,16
Endogenous,mmu-miR-466a-3p+mmu-miR-466b-3-3p,MIMAT0002107,51,54,58,52,51,57
Endogenous,mmu-miR-466a-5p+mmu-miR-466e-5p,MIMAT0004759,7,19,22,10,20,18
Endogenous,mmu-miR-466c-5p,MIMAT0004877,15,14,11,14,18,12
Endogenous,mmu-miR-466d-3p,MIMAT0004931,38,48,53,33,29,33
Endogenous,mmu-miR-466d-5p,MIMAT0004930,14,14,14,20,18,22
Endogenous,mmu-miR-466f-5p,MIMAT0004881,4,9,13,7,8,5
Endogenous,mmu-miR-466g,MIMAT0004883,46,115,73,41,51,58
Endogenous,mmu-miR-466h,MIMAT0004884,12,12,10,13,11,9
Endogenous,mmu-miR-466i,MIMAT0005834,9,12,17,9,13,11
Endogenous,mmu-miR-466j,MIMAT0005848,4,10,16,8,9,13
Endogenous,mmu-miR-466k,MIMAT0005845,40,17,31,22,23,25
Endogenous,mmu-miR-466l,MIMAT0005830,8,14,16,12,13,7
Endogenous,mmu-miR-467a,MIMAT0003409,36,22,23,25,20,32
Endogenous,mmu-miR-467b,MIMAT0005448,48,40,47,32,30,44
Endogenous,mmu-miR-467c,MIMAT0004885,19,14,20,28,22,17
Endogenous,mmu-miR-467d,MIMAT0004886,13,15,17,17,21,19
Endogenous,mmu-miR-467e,MIMAT0005293,28,29,29,20,40,39
Endogenous,mmu-miR-467f,MIMAT0005846,34,36,33,31,21,34
Endogenous,mmu-miR-467g,MIMAT0005854,18,18,18,17,14,21
Endogenous,mmu-miR-467h+mmu-miR-669d+mmu-miR-669l,MIMAT0005855,24,21,15,28,24,24
Endogenous,mmu-miR-468,MIMAT0002109,17,20,22,21,9,13
Endogenous,mmu-miR-469,MIMAT0002110,3,5,7,3,8,7
Endogenous,mmu-miR-470,MIMAT0002111,10,11,10,3,7,4
Endogenous,mmu-miR-471,MIMAT0002112,11,13,16,6,10,9
Endogenous,mmu-miR-483,MIMAT0004782,16,20,18,18,17,20
Endogenous,mmu-miR-484,MIMAT0003127,67,180,170,97,92,114
Endogenous,mmu-miR-485,MIMAT0003128,9,15,18,12,11,13
Endogenous,mmu-miR-486,MIMAT0003130,613,776,910,426,431,834
Endogenous,mmu-miR-487b,MIMAT0003184,15,16,12,14,11,8
Endogenous,mmu-miR-488,MIMAT0003450,12,16,16,9,15,12
Endogenous,mmu-miR-489,MIMAT0003112,8,22,15,23,21,17
Endogenous,mmu-miR-490,MIMAT0003780,26,27,31,27,29,35
Endogenous,mmu-miR-491,MIMAT0003486,8,14,19,10,13,19
Endogenous,mmu-miR-493,MIMAT0004888,17,23,15,13,17,17
Endogenous,mmu-miR-494,MIMAT0003182,6,1,9,6,5,9
Endogenous,mmu-miR-495,MIMAT0003456,27,53,53,38,30,58
Endogenous,mmu-miR-496,MIMAT0003738,7,20,23,11,8,15
Endogenous,mmu-miR-497,MIMAT0003453,34,139,113,72,84,114
Endogenous,mmu-miR-499,MIMAT0003482,106,38,69,30,74,96
Endogenous,mmu-miR-500,MIMAT0003507,5,10,12,17,14,11
Endogenous,mmu-miR-501-3p,MIMAT0003509,20,30,29,6,10,11
Endogenous,mmu-miR-501-5p,MIMAT0003508,21,24,16,15,13,19
Endogenous,mmu-miR-503,MIMAT0003188,12,11,14,15,3,10
Endogenous,mmu-miR-504,MIMAT0004889,25,21,29,19,16,26
Endogenous,mmu-miR-505,MIMAT0003513,11,13,18,8,22,16
Endogenous,mmu-miR-509-3p,MIMAT0004891,13,5,7,12,9,10
Endogenous,mmu-miR-509-5p,MIMAT0004890,17,21,18,18,21,16
Endogenous,mmu-miR-511,MIMAT0004940,10,6,11,12,11,12
Endogenous,mmu-miR-532-3p,MIMAT0004781,21,41,35,25,13,25
Endogenous,mmu-miR-532-5p,MIMAT0002889,137,248,284,139,143,172
Endogenous,mmu-miR-539,MIMAT0003169,38,42,37,22,32,29
Endogenous,mmu-miR-540-3p,MIMAT0003167,10,12,9,5,9,5
Endogenous,mmu-miR-540-5p,MIMAT0004786,4,11,14,7,12,7
Endogenous,mmu-miR-541,MIMAT0003170,26,29,33,23,17,37
Endogenous,mmu-miR-542-3p,MIMAT0003172,20,15,23,11,12,8
Endogenous,mmu-miR-542-5p,MIMAT0003171,30,32,48,19,13,17
Endogenous,mmu-miR-543,MIMAT0003168,1,1,1,1,1,1
Endogenous,mmu-miR-544,MIMAT0004941,12,14,8,15,15,17
Endogenous,mmu-miR-546,MIMAT0003166,11,4,20,10,7,2
Endogenous,mmu-miR-547,MIMAT0003173,27,39,31,25,35,38
Endogenous,mmu-miR-551b,MIMAT0003890,12,18,15,13,20,9
Endogenous,mmu-miR-568,MIMAT0004892,31,32,23,39,34,30
Endogenous,mmu-miR-574-3p,MIMAT0004894,75,204,203,108,96,150
Endogenous,mmu-miR-574-5p,MIMAT0004893,24,33,31,22,10,10
Endogenous,mmu-miR-582-3p,MIMAT0005292,8,20,16,9,10,5
Endogenous,mmu-miR-582-5p,MIMAT0005291,27,34,39,31,25,25
Endogenous,mmu-miR-590-3p,MIMAT0004896,7,5,4,7,8,3
Endogenous,mmu-miR-590-5p,MIMAT0004895,12,18,12,17,16,19
Endogenous,mmu-miR-592,MIMAT0003730,15,21,23,13,14,15
Endogenous,mmu-miR-599,MIMAT0012772,7,7,7,6,10,7
Endogenous,mmu-miR-615-3p,MIMAT0003783,8,13,4,5,4,4
Endogenous,mmu-miR-615-5p,MIMAT0004837,7,8,8,7,11,9
Endogenous,mmu-miR-652,MIMAT0003711,70,101,132,65,69,85
Endogenous,mmu-miR-653,MIMAT0004943,13,14,11,11,5,9
Endogenous,mmu-miR-654-3p,MIMAT0004898,19,25,22,26,23,21
Endogenous,mmu-miR-654-5p,MIMAT0004897,1,8,6,10,4,8
Endogenous,mmu-miR-664,MIMAT0012774,30,57,68,21,36,33
Endogenous,mmu-miR-665,MIMAT0003733,25,12,18,12,21,20
Endogenous,mmu-miR-666-3p,MIMAT0004823,15,18,15,20,18,16
Endogenous,mmu-miR-666-5p,MIMAT0003737,14,10,16,16,13,13
Endogenous,mmu-miR-667,MIMAT0003734,12,19,19,4,18,13
Endogenous,mmu-miR-668,MIMAT0003732,12,15,11,6,9,11
Endogenous,mmu-miR-669a,MIMAT0003477,57,67,73,40,37,37
Endogenous,mmu-miR-669e,MIMAT0005853,14,14,14,13,9,16
Endogenous,mmu-miR-669f,MIMAT0005839,44,69,68,57,68,86
Endogenous,mmu-miR-669g,MIMAT0005832,11,13,14,7,12,15
Endogenous,mmu-miR-669h-5p,MIMAT0005841,14,23,26,18,25,20
Endogenous,mmu-miR-669i,MIMAT0005840,15,8,12,22,15,17
Endogenous,mmu-miR-669j,MIMAT0005838,20,18,17,13,14,15
Endogenous,mmu-miR-669m,MIMAT0009419,4,6,3,14,13,9
Endogenous,mmu-miR-669o,MIMAT0009421,25,37,30,32,31,38
Endogenous,mmu-miR-670,MIMAT0003736,25,25,15,24,23,25
Endogenous,mmu-miR-671-3p,MIMAT0004821,15,16,29,13,25,27
Endogenous,mmu-miR-671-5p,MIMAT0003731,15,9,14,8,7,16
Endogenous,mmu-miR-672,MIMAT0003735,18,17,24,20,14,17
Endogenous,mmu-miR-673-3p,MIMAT0004824,12,6,12,3,7,3
Endogenous,mmu-miR-673-5p,MIMAT0003739,6,4,7,14,12,11
Endogenous,mmu-miR-674,MIMAT0003740,85,129,140,71,83,98
Endogenous,mmu-miR-675-3p,MIMAT0003726,49,40,43,35,30,45
Endogenous,mmu-miR-675-5p,MIMAT0003725,20,27,18,15,21,20
Endogenous,mmu-miR-676,MIMAT0003782,87,161,178,76,78,87
Endogenous,mmu-miR-677,MIMAT0003451,9,7,11,9,10,9
Endogenous,mmu-miR-678,MIMAT0003452,26,41,41,23,16,26
Endogenous,mmu-miR-679,MIMAT0003455,10,2,12,6,4,10
Endogenous,mmu-miR-680,MIMAT0003457,3,8,7,7,5,3
Endogenous,mmu-miR-681,MIMAT0003458,5,6,7,7,5,8
Endogenous,mmu-miR-682,MIMAT0003459,17,18,8,9,13,20
Endogenous,mmu-miR-683,MIMAT0003461,15,10,24,14,21,20
Endogenous,mmu-miR-684,MIMAT0003462,12,14,9,8,8,15
Endogenous,mmu-miR-686,MIMAT0003464,10,6,5,1,7,11
Endogenous,mmu-miR-687,MIMAT0003466,7,8,10,8,3,14
Endogenous,mmu-miR-688,MIMAT0003467,24,24,22,17,13,22
Endogenous,mmu-miR-689,MIMAT0003468,9,15,12,10,11,10
Endogenous,mmu-miR-690,MIMAT0003469,67,149,138,41,35,78
Endogenous,mmu-miR-691,MIMAT0003470,10,55,26,51,35,54
Endogenous,mmu-miR-692,MIMAT0003471,9,10,3,8,5,8
Endogenous,mmu-miR-693-3p,MIMAT0004189,9,12,12,6,7,10
Endogenous,mmu-miR-693-5p,MIMAT0003472,3,13,3,10,1,4
Endogenous,mmu-miR-694,MIMAT0003474,11,10,17,17,12,10
Endogenous,mmu-miR-695,MIMAT0003481,14,16,19,10,13,18
Endogenous,mmu-miR-696,MIMAT0003483,7,9,6,4,11,6
Endogenous,mmu-miR-697,MIMAT0003487,5,7,14,9,10,4
Endogenous,mmu-miR-698,MIMAT0003488,8,6,7,9,3,4
Endogenous,mmu-miR-700,MIMAT0003490,2,5,1,1,2,1
Endogenous,mmu-miR-701,MIMAT0003491,23,37,35,23,16,19
Endogenous,mmu-miR-702,MIMAT0003492,4,3,17,5,5,10
Endogenous,mmu-miR-703,MIMAT0003493,10,21,17,7,8,7
Endogenous,mmu-miR-704,MIMAT0003494,12,22,27,22,26,16
Endogenous,mmu-miR-706,MIMAT0003496,7,19,10,13,7,4
Endogenous,mmu-miR-707,MIMAT0003497,11,8,14,7,7,6
Endogenous,mmu-miR-708,MIMAT0004828,24,39,51,35,26,23
Endogenous,mmu-miR-709,MIMAT0003499,39,41,46,34,35,34
Endogenous,mmu-miR-710,MIMAT0003500,22,16,19,23,30,26
Endogenous,mmu-miR-711,MIMAT0003501,5,9,9,3,10,4
Endogenous,mmu-miR-712,MIMAT0003502,7,8,14,10,9,15
Endogenous,mmu-miR-713,MIMAT0003504,2,9,9,6,11,12
Endogenous,mmu-miR-714,MIMAT0003505,27,20,15,18,19,25
Endogenous,mmu-miR-715,MIMAT0003506,8,11,9,4,5,8
Endogenous,mmu-miR-717,MIMAT0003510,16,22,34,19,24,24
Endogenous,mmu-miR-718,MIMAT0003514,11,10,6,5,5,5
Endogenous,mmu-miR-719,MIMAT0003465,11,14,9,2,7,14
Endogenous,mmu-miR-720,MIMAT0003484,27768,97127,89791,31923,34847,47722
Endogenous,mmu-miR-741,MIMAT0004236,14,22,19,12,14,24
Endogenous,mmu-miR-742,MIMAT0004237,19,13,18,10,23,14
Endogenous,mmu-miR-743a,MIMAT0004238,9,7,9,9,5,6
Endogenous,mmu-miR-743b-3p,MIMAT0004840,3,11,6,13,9,15
Endogenous,mmu-miR-743b-5p,MIMAT0004839,6,13,11,4,4,5
Endogenous,mmu-miR-744,MIMAT0004187,5,4,8,4,7,8
Endogenous,mmu-miR-758,MIMAT0003889,8,8,6,6,8,9
Endogenous,mmu-miR-759,MIMAT0003897,16,14,13,20,14,18
Endogenous,mmu-miR-760,MIMAT0003898,27,20,25,14,19,27
Endogenous,mmu-miR-761,MIMAT0003893,20,19,16,15,14,11
Endogenous,mmu-miR-762,MIMAT0003892,17,25,26,27,20,22
Endogenous,mmu-miR-763,MIMAT0003896,4,6,5,13,6,6
Endogenous,mmu-miR-764-3p,MIMAT0003895,12,25,16,21,23,16
Endogenous,mmu-miR-764-5p,MIMAT0003894,27,15,27,29,24,26
Endogenous,mmu-miR-767,MIMAT0012773,10,10,18,16,13,20
Endogenous,mmu-miR-770-3p,MIMAT0003891,26,23,17,18,23,14
Endogenous,mmu-miR-770-5p,MIMAT0004822,14,15,20,12,16,25
Endogenous,mmu-miR-7a,MIMAT0000677,36,63,35,19,35,31
Endogenous,mmu-miR-7b,MIMAT0000678,12,55,32,25,33,40
Endogenous,mmu-miR-802,MIMAT0004188,11,15,21,10,15,9
Endogenous,mmu-miR-804,MIMAT0004210,26,29,41,12,17,31
Endogenous,mmu-miR-871,MIMAT0004841,10,7,14,15,11,12
Endogenous,mmu-miR-872,MIMAT0004934,235,304,335,129,184,244
Endogenous,mmu-miR-873,MIMAT0004936,21,25,16,16,27,24
Endogenous,mmu-miR-874,MIMAT0004853,8,3,6,7,5,6
Endogenous,mmu-miR-875-3p,MIMAT0004938,14,23,26,14,15,24
Endogenous,mmu-miR-875-5p,MIMAT0004937,19,20,24,21,26,23
Endogenous,mmu-miR-876-3p,MIMAT0004855,31,36,39,47,40,80
Endogenous,mmu-miR-876-5p,MIMAT0004854,13,12,10,10,16,11
Endogenous,mmu-miR-877,MIMAT0004861,12,19,21,10,15,19
Endogenous,mmu-miR-878-3p,MIMAT0004933,9,6,13,9,6,11
Endogenous,mmu-miR-878-5p,MIMAT0004932,13,16,16,22,16,13
Endogenous,mmu-miR-879,MIMAT0004842,22,16,19,19,21,24
Endogenous,mmu-miR-880,MIMAT0004844,7,11,7,8,9,3
Endogenous,mmu-miR-881,MIMAT0004846,6,9,12,6,10,8
Endogenous,mmu-miR-882,MIMAT0004847,14,15,27,23,14,18
Endogenous,mmu-miR-883a-3p,MIMAT0004849,10,9,15,14,17,16
Endogenous,mmu-miR-883a-5p,MIMAT0004848,18,13,12,16,14,11
Endogenous,mmu-miR-883b-3p,MIMAT0004851,4,5,6,1,7,5
Endogenous,mmu-miR-883b-5p,MIMAT0004850,23,15,21,25,15,25
Endogenous,mmu-miR-9,MIMAT0000142,97,130,297,129,121,90
Endogenous,mmu-miR-92a,MIMAT0000539,7,17,17,3,6,3
Endogenous,mmu-miR-92b,MIMAT0004899,9,13,13,7,3,5
Endogenous,mmu-miR-93,MIMAT0000540,173,369,383,167,151,224
Endogenous,mmu-miR-96,MIMAT0000541,257,517,852,204,187,258
Endogenous,mmu-miR-98,MIMAT0000545,267,407,400,470,526,681
Endogenous,mmu-miR-99a,MIMAT0000131,7189,8610,9662,5184,5324,7053
Endogenous,mmu-miR-99b,MIMAT0000132,123,324,272,199,176,298
Housekeeping,Actb,NM_007393.1,7599,11524,14673,7892,6530,8322
Housekeeping,B2m,NM_009735.3,1980,3759,3450,2224,2285,2580
Housekeeping,Gapdh,NM_008084.1,2249,1713,2674,1572,1510,1637
Housekeeping,Rpl19,NM_009078.1,2080,3075,3388,2348,2116,2126
